<!--
  Licensed to the Apache Software Foundation (ASF) under one
  or more contributor license agreements. See the NOTICE file
  distributed with this work for additional information
  regarding copyright ownership. The ASF licenses this file
  to you under the Apache License, Version 2.0 (the
  "License"); you may not use this file except in compliance
  with the License. You may obtain a copy of the License at
 
  http://www.apache.org/licenses/LICENSE-2.0
 
  Unless required by applicable law or agreed to in writing,
  software distributed under the License is distributed on an
  "AS IS" BASIS, WITHOUT WARRANTIES OR CONDITIONS OF ANY
  KIND, either express or implied. See the License for the
  specific language governing permissions and limitations
  under the License.
-->
<beans 
    xmlns="http://www.springframework.org/schema/beans"
    xmlns:cxf="http://cxf.apache.org/core"
    xmlns:jaxws="http://cxf.apache.org/jaxws"
    xmlns:test="http://apache.org/hello_world_soap_http"
    xmlns:xsi="http://www.w3.org/2001/XMLSchema-instance"
    xmlns:util="http://www.springframework.org/schema/util"
    xsi:schemaLocation="
        http://cxf.apache.org/core
        http://cxf.apache.org/schemas/core.xsd
        http://www.springframework.org/schema/beans
        http://www.springframework.org/schema/beans/spring-beans-2.0.xsd
        http://cxf.apache.org/jaxws                                     
        http://cxf.apache.org/schemas/jaxws.xsd
        http://www.springframework.org/schema/util
        http://www.springframework.org/schema/util/spring-util-2.0.xsd">

    <cxf:bus>
        <cxf:features>
            <cxf:logging/>
        </cxf:features>
    </cxf:bus>

    <bean id="utSTSProviderBean"
		class="org.apache.cxf.ws.security.sts.provider.SecurityTokenServiceProvider">
		<property name="issueOperation" ref="utIssueDelegate"/>
		<property name="validateOperation" ref="utValidateDelegate"/>
	</bean>	

	<bean id="utIssueDelegate"
		class="org.apache.cxf.sts.operation.TokenIssueOperation">
		<property name="tokenProviders" ref="utSamlTokenProvider"/>
		<property name="services" ref="utService"/>
		<property name="stsProperties" ref="utSTSProperties"/>
	</bean>
	
	<bean id="utValidateDelegate"
	    class="org.apache.cxf.sts.operation.TokenValidateOperation">
	    <property name="tokenValidators" ref="utSamlTokenValidator"/>
		<property name="stsProperties" ref="utSTSProperties"/>
	</bean>
	
	<bean id="utSamlTokenProvider"
		class="org.apache.cxf.sts.token.provider.SAMLTokenProvider">
    </bean>
    
    <bean id="utSamlTokenValidator"
		class="org.apache.cxf.sts.token.validator.SAMLTokenValidator">
    </bean>
    
    <bean id="utService"
        class="org.apache.cxf.sts.service.StaticService">
        <property name="endpoints" ref="utEndpoints"/>
    </bean>
    
    <util:list id="utEndpoints">
		<value>http://localhost:(\d)*/SoapContext/SoapPort</value>
	</util:list>
	
	<bean id="utSTSProperties"
	     class="org.apache.cxf.sts.StaticSTSProperties">
	    <property name="signaturePropertiesFile" value="keys/stsKeystore.properties"/>
		<property name="signatureUsername" value="mystskey"/>
		<property name="callbackHandlerClass" value="demo.wssec.sts.STSCallbackHandler"/>
		<property name="issuer" value="DoubleItSTSIssuer"/>
    </bean>
    
	<jaxws:endpoint id="UTSTS"
		implementor="#utSTSProviderBean"
		address="http://localhost:8080/SecurityTokenService/UT" 
        wsdlLocation="wsdl/ws-trust-1.4-service.wsdl"
        xmlns:ns1="http://docs.oasis-open.org/ws-sx/ws-trust/200512/"
        serviceName="ns1:SecurityTokenService"
        endpointName="ns1:UT_Port">
        <jaxws:properties>
            <entry key="ws-security.callback-handler" value="demo.wssec.sts.STSCallbackHandler"/>
            <entry key="ws-security.signature.properties" value="keys/stsKeystore.properties"/>
            <entry key="ws-security.signature.username" value="mystskey"/>
        </jaxws:properties> 
	</jaxws:endpoint>
	

</beans>

